{"filename":"C:\\Users\\User\\OneDrive\\Desktop\\bank_vashist_project\\__azurite_db_blob__.json","collections":[{"name":"$SERVICES_COLLECTION$","data":[],"idIndex":null,"binaryIndices":{},"constraints":null,"uniqueNames":["accountName"],"transforms":{},"objType":"$SERVICES_COLLECTION$","dirty":false,"cachedIndex":null,"cachedBinaryIndex":null,"cachedData":null,"adaptiveBinaryIndices":true,"transactional":false,"cloneObjects":false,"cloneMethod":"parse-stringify","asyncListeners":false,"disableMeta":false,"disableChangesApi":true,"disableDeltaChangesApi":true,"autoupdate":false,"serializableIndices":true,"disableFreeze":true,"ttl":null,"maxId":0,"DynamicViews":[],"events":{"insert":[],"update":[],"pre-insert":[],"pre-update":[],"close":[],"flushbuffer":[],"error":[],"delete":[null],"warning":[null]},"changes":[],"dirtyIds":[]},{"name":"$CONTAINERS_COLLECTION$","data":[{"accountName":"devstoreaccount1","name":"azure-webjobs-secrets","properties":{"etag":"\"0x26AD147C16828C0\"","lastModified":"2025-12-05T07:20:09.702Z","leaseStatus":"unlocked","leaseState":"available","hasImmutabilityPolicy":false,"hasLegalHold":false},"meta":{"revision":0,"created":1764919209705,"version":0},"$loki":1},{"accountName":"devstoreaccount1","name":"azure-webjobs-hosts","properties":{"etag":"\"0x268526AD22958A0\"","lastModified":"2025-12-05T07:20:14.996Z","leaseStatus":"unlocked","leaseState":"available","hasImmutabilityPolicy":false,"hasLegalHold":false},"meta":{"revision":0,"created":1764919214997,"version":0},"$loki":2}],"idIndex":null,"binaryIndices":{"accountName":{"name":"accountName","dirty":false,"values":[1,0]},"name":{"name":"name","dirty":false,"values":[1,0]}},"constraints":null,"uniqueNames":[],"transforms":{},"objType":"$CONTAINERS_COLLECTION$","dirty":false,"cachedIndex":null,"cachedBinaryIndex":null,"cachedData":null,"adaptiveBinaryIndices":true,"transactional":false,"cloneObjects":false,"cloneMethod":"parse-stringify","asyncListeners":false,"disableMeta":false,"disableChangesApi":true,"disableDeltaChangesApi":true,"autoupdate":false,"serializableIndices":true,"disableFreeze":true,"ttl":null,"maxId":2,"DynamicViews":[],"events":{"insert":[],"update":[],"pre-insert":[],"pre-update":[],"close":[],"flushbuffer":[],"error":[],"delete":[null],"warning":[null]},"changes":[],"dirtyIds":[]},{"name":"$BLOBS_COLLECTION$","data":[{"deleted":false,"accountName":"devstoreaccount1","containerName":"azure-webjobs-secrets","name":"desktopsalboiv-382057814/host.json","properties":{"creationTime":"2025-12-05T07:20:09.878Z","lastModified":"2025-12-05T07:20:09.878Z","etag":"\"0x22AFFB5F2B979A0\"","contentLength":632,"contentType":"application/octet-stream","contentMD5":{"type":"Buffer","data":[172,78,15,38,158,178,241,219,205,148,4,162,250,89,172,105]},"blobType":"BlockBlob","leaseStatus":"unlocked","leaseState":"available","serverEncrypted":true,"accessTier":"Hot","accessTierInferred":true,"accessTierChangeTime":"2025-12-05T07:20:09.878Z"},"snapshot":"","isCommitted":true,"persistency":{"id":"74b264e0-4a1a-4176-b9dc-b914dbeed61d","offset":474,"count":632},"meta":{"revision":0,"created":1764919209883,"version":0},"$loki":2},{"deleted":false,"metadata":{"FunctionInstance":"000000000000000000000000083B9530"},"accountName":"devstoreaccount1","containerName":"azure-webjobs-hosts","name":"locks/desktopsalboiv-382057814/host","properties":{"creationTime":"2025-12-05T07:20:15.000Z","lastModified":"2025-12-05T07:20:15.025Z","etag":"\"0x247F945001C5F40\"","contentLength":0,"contentType":"application/octet-stream","contentMD5":{"type":"Buffer","data":[212,29,140,217,143,0,178,4,233,128,9,152,236,248,66,126]},"blobType":"BlockBlob","leaseStatus":"locked","leaseState":"leased","serverEncrypted":true,"accessTier":"Hot","accessTierInferred":true,"accessTierChangeTime":"2025-12-05T07:20:15.000Z","leaseDuration":"fixed"},"snapshot":"","isCommitted":true,"persistency":{"id":"74b264e0-4a1a-4176-b9dc-b914dbeed61d","offset":1106,"count":0},"meta":{"revision":274,"created":1764919215009,"version":0,"updated":1764922569560},"$loki":3,"leaseId":"000000000000000000000000083B9530","leaseExpireTime":"2025-12-05T08:16:24.539Z","leaseDurationSeconds":15}],"idIndex":[2,3],"binaryIndices":{"accountName":{"name":"accountName","dirty":false,"values":[1,0]},"containerName":{"name":"containerName","dirty":false,"values":[1,0]},"name":{"name":"name","dirty":false,"values":[0,1]},"snapshot":{"name":"snapshot","dirty":false,"values":[1,0]}},"constraints":null,"uniqueNames":[],"transforms":{},"objType":"$BLOBS_COLLECTION$","dirty":false,"cachedIndex":null,"cachedBinaryIndex":null,"cachedData":null,"adaptiveBinaryIndices":true,"transactional":false,"cloneObjects":false,"cloneMethod":"parse-stringify","asyncListeners":false,"disableMeta":false,"disableChangesApi":true,"disableDeltaChangesApi":true,"autoupdate":false,"serializableIndices":true,"disableFreeze":true,"ttl":null,"maxId":3,"DynamicViews":[],"events":{"insert":[],"update":[],"pre-insert":[],"pre-update":[],"close":[],"flushbuffer":[],"error":[],"delete":[null],"warning":[null]},"changes":[],"dirtyIds":[]},{"name":"$BLOCKS_COLLECTION$","data":[],"idIndex":null,"binaryIndices":{"accountName":{"name":"accountName","dirty":false,"values":[]},"containerName":{"name":"containerName","dirty":false,"values":[]},"blobName":{"name":"blobName","dirty":false,"values":[]},"name":{"name":"name","dirty":false,"values":[]}},"constraints":null,"uniqueNames":[],"transforms":{},"objType":"$BLOCKS_COLLECTION$","dirty":false,"cachedIndex":null,"cachedBinaryIndex":null,"cachedData":null,"adaptiveBinaryIndices":true,"transactional":false,"cloneObjects":false,"cloneMethod":"parse-stringify","asyncListeners":false,"disableMeta":false,"disableChangesApi":true,"disableDeltaChangesApi":true,"autoupdate":false,"serializableIndices":true,"disableFreeze":true,"ttl":null,"maxId":0,"DynamicViews":[],"events":{"insert":[],"update":[],"pre-insert":[],"pre-update":[],"close":[],"flushbuffer":[],"error":[],"delete":[null],"warning":[null]},"changes":[],"dirtyIds":[]}],"databaseVersion":1.5,"engineVersion":1.5,"autosave":true,"autosaveInterval":5000,"autosaveHandle":null,"throttledSaves":true,"options":{"persistenceMethod":"fs","autosave":true,"autosaveInterval":5000,"serializationMethod":"normal","destructureDelimiter":"$<\n"},"persistenceMethod":"fs","persistenceAdapter":null,"verbose":false,"events":{"init":[null],"loaded":[],"flushChanges":[],"close":[],"changes":[],"warning":[]},"ENV":"NODEJS"}